Item Title,Publication Title,Book Series Title,Journal Volume,Journal Issue,Item DOI,Authors,Publication Year,URL,Content Type
"Deep reinforcement learning for the dynamic and uncertain vehicle routing problem","Applied Intelligence","","53","1","10.1007/s10489-022-03456-w","Weixu PanShi Qiang Liu","2023","http://link.springer.com/article/10.1007/s10489-022-03456-w","Article"
"Analysis of box and ellipsoidal robust optimization, and attention model based reinforcement learning for a robust vehicle routing problem","Sādhanā","","47","2","10.1007/s12046-022-01833-2","Sweety HansuwaMohan Raj Velayudhan KumarRajendran Chandrasekharan","2022","http://link.springer.com/article/10.1007/s12046-022-01833-2","Article"
"Reinforcement learning for freight booking control problems","Journal of Revenue and Pricing Management","","","","10.1057/s41272-023-00459-1","Justin DumouchelleEmma FrejingerAndrea Lodi","2024","http://link.springer.com/article/10.1057/s41272-023-00459-1","Article"
"VARL: a variational autoencoder-based reinforcement learning Framework for vehicle routing problems","Applied Intelligence","","52","8","10.1007/s10489-021-02920-3","Qi Wang","2022","http://link.springer.com/article/10.1007/s10489-021-02920-3","Article"
"Deep Reinforcement Learning for the Capacitated Pickup and Delivery Problem with Time Windows","Pattern Recognition and Image Analysis","","33","2","10.1134/S1054661823020165","A. G. SorokaA. V. MeshcheryakovS. V. Gerasimov","2023","http://link.springer.com/article/10.1134/S1054661823020165","Article"
"The third party logistics provider freight management problem: a framework and deep reinforcement learning approach","Annals of Operations Research","","","","10.1007/s10479-024-05876-y","Amin Abbasi-PooyaMichael T. Lash","2024","http://link.springer.com/article/10.1007/s10479-024-05876-y","Article"
"Routing optimization with Monte Carlo Tree Search-based multi-agent reinforcement learning","Applied Intelligence","","53","21","10.1007/s10489-023-04881-1","Qi WangYongsheng Hao","2023","http://link.springer.com/article/10.1007/s10489-023-04881-1","Article"
"Mastering construction heuristics with self-play deep reinforcement learning","Neural Computing and Applications","","35","6","10.1007/s00521-022-07989-6","Qi WangYuqing HeChunlei Tang","2023","http://link.springer.com/article/10.1007/s00521-022-07989-6","Article"
"Coalition-based metaheuristic: a self-adaptive metaheuristic using reinforcement learning and mimetism","Journal of Heuristics","","16","6","10.1007/s10732-009-9121-7","David MeignanAbderrafiaa KoukamJean-Charles Créput","2010","http://link.springer.com/article/10.1007/s10732-009-9121-7","Article"
"Online food ordering delivery strategies based on deep reinforcement learning","Applied Intelligence","","52","6","10.1007/s10489-021-02750-3","Guangyu ZouJiafu TangLevent YilmazXiangyu Kong","2022","http://link.springer.com/article/10.1007/s10489-021-02750-3","Article"
"Learning 2-Opt Heuristics for Routing Problems via Deep Reinforcement Learning","SN Computer Science","","2","5","10.1007/s42979-021-00779-2","Paulo da CostaJason RhuggenaathYingqian ZhangAlp AkcayUzay Kaymak","2021","http://link.springer.com/article/10.1007/s42979-021-00779-2","Article"
"A reinforcement learning approach to convoy scheduling on a contested transportation network","Optimization Letters","","9","8","10.1007/s11590-015-0875-6","Daniel StimpsonRajesh Ganesan","2015","http://link.springer.com/article/10.1007/s11590-015-0875-6","Article"
"Multi-start team orienteering problem for UAS mission re-planning with data-efficient deep reinforcement learning","Applied Intelligence","","","","10.1007/s10489-024-05367-4","Dong Ho LeeJaemyung Ahn","2024","http://link.springer.com/article/10.1007/s10489-024-05367-4","Article"
"Order dispatching for an ultra-fast delivery service via deep reinforcement learning","Applied Intelligence","","52","4","10.1007/s10489-021-02610-0","Eray Mert KavukAyse TosunMucahit CevikAysun BozantaSibel B. SonuçMehmetcan TutuncuBilgin KosucuAyse Basar","2022","http://link.springer.com/article/10.1007/s10489-021-02610-0","Article"
"A deep reinforcement learning assisted simulated annealing algorithm for a maintenance planning problem","Annals of Operations Research","","","","10.1007/s10479-022-04612-8","Fuat KosanogluMahir AtmisHasan Hüseyin Turan","2022","http://link.springer.com/article/10.1007/s10479-022-04612-8","Article"
"Assessment of reinforcement learning algorithms for nuclear power plant fuel optimization","Applied Intelligence","","54","2","10.1007/s10489-023-05013-5","Paul SeurinKoroush Shirvan","2024","http://link.springer.com/article/10.1007/s10489-023-05013-5","Article"
"Learn and route: learning implicit preferences for vehicle routing","Constraints","","28","3","10.1007/s10601-023-09363-2","Rocsildes CanoyVíctor BucareyJayanta MandiTias Guns","2023","http://link.springer.com/article/10.1007/s10601-023-09363-2","Article"
"Distance approximation to support customer selection in vehicle routing problems","Annals of Operations Research","","","","10.1007/s10479-022-04674-8","Fabian AkkermanMartijn Mes","2022","http://link.springer.com/article/10.1007/s10479-022-04674-8","Article"
"Combining variable neighborhood search and machine learning to solve the vehicle routing problem with crowd-shipping","Optimization Letters","","17","9","10.1007/s11590-021-01833-x","Luigi Di Puglia PuglieseDaniele FeronePaola FestaFrancesca GuerrieroGiusy Macrina","2023","http://link.springer.com/article/10.1007/s11590-021-01833-x","Article"
"Deep representation learning and reinforcement learning for workpiece setup optimization in CNC milling","Production Engineering","","17","6","10.1007/s11740-023-01209-3","Vladimir SamsonovEnslin ChrismarieHans-Georg KöpkenSchirin BärDaniel LüttickeTobias Meisen","2023","http://link.springer.com/article/10.1007/s11740-023-01209-3","Article"
"Disassembly line optimization with reinforcement learning","Central European Journal of Operations Research","","","","10.1007/s10100-024-00906-3","Tamás KegyesZoltán SüleJános Abonyi","2024","http://link.springer.com/article/10.1007/s10100-024-00906-3","Article"
"Multi agent reinforcement learning for online layout planning and scheduling in flexible assembly systems","Journal of Intelligent Manufacturing","","","","10.1007/s10845-023-02309-8","Lea KavenPhilipp HukeAmon GöppertRobert H. Schmitt","2024","http://link.springer.com/article/10.1007/s10845-023-02309-8","Article"
"Deep-reinforcement learning-based route planning with obstacle avoidance for autonomous vessels","Artificial Life and Robotics","","29","1","10.1007/s10015-023-00909-4","Ryosuke SagaRinto KozonoYutaro TsurumiYasunori Nihei","2024","http://link.springer.com/article/10.1007/s10015-023-00909-4","Article"
"Solving uncapacitated P-Median problem with reinforcement learning assisted by graph attention networks","Applied Intelligence","","53","2","10.1007/s10489-022-03453-z","Chenguang WangCongying HanTiande GuoMan Ding","2023","http://link.springer.com/article/10.1007/s10489-022-03453-z","Article"
"A vector evaluated evolutionary algorithm with exploitation reinforcement for the dynamic pollution routing problem","Journal of Combinatorial Optimization","","44","2","10.1007/s10878-022-00870-1","Nasreddine OuertaniHajer Ben-RomdhaneSaoussen KrichenIssam Nouaouri","2022","http://link.springer.com/article/10.1007/s10878-022-00870-1","Article"
"Algorithms for path optimizations: a short survey","Computing","","105","2","10.1007/s00607-022-01126-w","S C M S De SirisuriyaT G I FernandoM K A Ariyaratne","2023","http://link.springer.com/article/10.1007/s00607-022-01126-w","Article"
"Object manipulation with a variable-stiffness robotic mechanism using deep neural networks for visual semantics and load estimation","Neural Computing and Applications","","32","13","10.1007/s00521-019-04412-5","Ertugrul BayraktarCihat Bora YigitPinar Boyraz","2020","http://link.springer.com/article/10.1007/s00521-019-04412-5","Article"
"2016 Scientific Session of the Society of American Gastrointestinal and Endoscopic Surgeons (SAGES), Boston, Massachusetts, USA, 16–19 March 2016","Surgical Endoscopy","","30","1","10.1007/s00464-016-4771-7","","2016","http://link.springer.com/article/10.1007/s00464-016-4771-7","Article"
"Survey of charging management and infrastructure planning for electrified demand-responsive transport systems: Methodologies and recent developments","European Transport Research Review","","14","1","10.1186/s12544-022-00560-3","Tai-Yu MaYumeng Fang","2022","http://link.springer.com/article/10.1186/s12544-022-00560-3","Article"
"Frontiers and trends of supply chain optimization in the age of industry 4.0: an operations research perspective","Annals of Operations Research","","","","10.1007/s10479-024-05879-9","Zhitao XuAdel ElomriRoberto BaldacciLaoucine KerbacheZhenyong Wu","2024","http://link.springer.com/article/10.1007/s10479-024-05879-9","Article"
"A review of the role of heuristics in stochastic optimisation: from metaheuristics to learnheuristics","Annals of Operations Research","","320","2","10.1007/s10479-021-04142-9","Angel A. JuanPeter KeenanRafael MartíSeán McGarraghyJavier PanaderoPaula CarrollDiego Oliva","2023","http://link.springer.com/article/10.1007/s10479-021-04142-9","Article"
"DVRP: a hard dynamic combinatorial optimisation problem tackled by an evolutionary hyper-heuristic","Journal of Heuristics","","16","6","10.1007/s10732-010-9126-2","Pablo GarridoMaría Cristina Riff","2010","http://link.springer.com/article/10.1007/s10732-010-9126-2","Article"
"Explanation-based large neighborhood search","Constraints","","19","4","10.1007/s10601-014-9166-6","Charles Prud’hommeXavier LorcaNarendra Jussien","2014","http://link.springer.com/article/10.1007/s10601-014-9166-6","Article"
"II-Learn—A Novel Metric for Measuring the Intelligence Increase and Evolution of Artificial Learning Systems","International Journal of Computational Intelligence Systems","","12","2","10.2991/ijcis.d.191101.001","László Barna IantovicsDimitris K. IakovidisElena Nechita","2019","http://link.springer.com/article/10.2991/ijcis.d.191101.001","Article"
"Application of Supervised Machine Learning Methods on the Multidimensional Knapsack Problem","Neural Processing Letters","","54","2","10.1007/s11063-021-10662-z","Abdellah RezougMohamed Bader-el-denDalila Boughaci","2022","http://link.springer.com/article/10.1007/s11063-021-10662-z","Article"
"Three multi-start data-driven evolutionary heuristics for the vehicle routing problem with multiple time windows","Journal of Heuristics","","25","3","10.1007/s10732-019-09412-1","Slim BelhaizaRym M’HallahGhassen Ben BrahimGilbert Laporte","2019","http://link.springer.com/article/10.1007/s10732-019-09412-1","Article"
"An improved transformer model with multi-head attention and attention to attention for low-carbon multi-depot vehicle routing problem","Annals of Operations Research","","","","10.1007/s10479-022-04788-z","Yang ZouHecheng WuYunqiang YinLalitha DhamotharanDaqiang ChenAviral Kumar Tiwari","2022","http://link.springer.com/article/10.1007/s10479-022-04788-z","Article"
"A theoretical and computational study of green vehicle routing problems","Journal of Combinatorial Optimization","","45","5","10.1007/s10878-023-01043-4","Matheus Diógenes AndradeFábio Luiz Usberti","2023","http://link.springer.com/article/10.1007/s10878-023-01043-4","Article"
"Multiobjective problem modeling of the capacitated vehicle routing problem with urgency in a pandemic period","Neural Computing and Applications","","35","5","10.1007/s00521-022-07921-y","Mehmet AltinozO. Tolga Altinoz","2023","http://link.springer.com/article/10.1007/s00521-022-07921-y","Article"
"Data-driven optimization for last-mile delivery","Complex & Intelligent Systems","","9","3","10.1007/s40747-021-00293-1","Hongrui ChuWensi ZhangPengfei BaiYahong Chen","2023","http://link.springer.com/article/10.1007/s40747-021-00293-1","Article"
"The stochastic vehicle routing problem, a literature review, Part II: solution methods","EURO Journal on Transportation and Logistics","","6","4","10.1007/s13676-016-0099-7","Jorge OyolaHalvard ArntzenDavid L. Woodruff","2017","http://link.springer.com/article/10.1007/s13676-016-0099-7","Article"
"To dub or not to dub: Language adaptation of global television advertisements for a bilingual community","Journal of Brand Management","","12","4","10.1057/palgrave.bm.2540220","Albert CaruanaMonica Abdilla","2005","http://link.springer.com/article/10.1057/palgrave.bm.2540220","Article"
"Routing Problems with Electric and Autonomous Vehicles: Review and Potential for Future Research","Operations Research Forum","","4","2","10.1007/s43069-023-00228-1","Themistoklis StamadianosNikolaos A. KyriakakisMagdalene MarinakiYannis Marinakis","2023","http://link.springer.com/article/10.1007/s43069-023-00228-1","Article"
"Poster Session III","Neuropsychopharmacology","","39","1","10.1038/npp.2014.282","","2014","http://link.springer.com/article/10.1038/npp.2014.282","Article"
"Metaheuristic link prediction (MLP) using AI based ACO-GA optimization model for solving vehicle routing problem","International Journal of Information Technology","","15","7","10.1007/s41870-023-01378-5","Jai Keerthy Chowlur RevannaNushwan Yousif B. Al-Nakash","2023","http://link.springer.com/article/10.1007/s41870-023-01378-5","Article"
"A Study on Various Technologies to Solve the Routing Problem in Internet of Vehicles (IoV)","Wireless Personal Communications","","119","1","10.1007/s11277-021-08220-w","Tanuja KayargaS. Ananda Kumar","2021","http://link.springer.com/article/10.1007/s11277-021-08220-w","Article"
"Graph Learning for Combinatorial Optimization: A Survey of State-of-the-Art","Data Science and Engineering","","6","2","10.1007/s41019-021-00155-3","Yun PengByron ChoiJianliang Xu","2021","http://link.springer.com/article/10.1007/s41019-021-00155-3","Article"
"Design, Implementation, and Evaluation of a Professional Development Program for Teachers to Teach Computational Thinking via Robotics","Technology, Knowledge and Learning","","28","4","10.1007/s10758-022-09629-3","Servet KılıçÜnal Çakıroğlu","2023","http://link.springer.com/article/10.1007/s10758-022-09629-3","Article"
"A review on the electric vehicle routing problems: Variants and algorithms","Frontiers of Engineering Management","","8","3","10.1007/s42524-021-0157-1","Hu QinXinxin SuTeng RenZhixing Luo","2021","http://link.springer.com/article/10.1007/s42524-021-0157-1","Article"
"Guest editorial","Memetic Computing","","14","1","10.1007/s12293-022-00361-0","Yaqing HouYuan YuanZexuan Zhu","2022","http://link.springer.com/article/10.1007/s12293-022-00361-0","Article"
"A two-stage routing optimization model for yard trailers in container terminals under stochastic demand","Evolutionary Intelligence","","16","6","10.1007/s12065-021-00566-1","Yirui DengYimin ChenJinhu HuangDaohang ZhangJinlou Zhao","2023","http://link.springer.com/article/10.1007/s12065-021-00566-1","Article"
"RETRACTED ARTICLE: A Multi-agent Based Self-adaptive Genetic Algorithm for the Long-term Car Pooling Problem","Journal of Mathematical Modelling and Algorithms in Operations Research","","12","1","10.1007/s10852-012-9175-7","Yuhan GuoGilles GoncalvesTienté Hsu","2013","http://link.springer.com/article/10.1007/s10852-012-9175-7","Article"
"IAFCO: an intelligent agent-based framework for combinatorial optimization","The Journal of Supercomputing","","","","10.1007/s11227-023-05852-6","Mahjoubeh TajgardanHabib IzadkhahShahriar Lotfi","2024","http://link.springer.com/article/10.1007/s11227-023-05852-6","Article"
"Monte Carlo Tree Search: a review of recent modifications and applications","Artificial Intelligence Review","","56","3","10.1007/s10462-022-10228-y","Maciej ŚwiechowskiKonrad GodlewskiBartosz SawickiJacek Mańdziuk","2023","http://link.springer.com/article/10.1007/s10462-022-10228-y","Article"
"Multi-robot exploration in task allocation problem","Applied Intelligence","","52","2","10.1007/s10489-021-02483-3","Reza Javanmard AlitappehKossar Jeddisaravi","2022","http://link.springer.com/article/10.1007/s10489-021-02483-3","Article"
"Hybrid evolutionary optimization for takeaway order selection and delivery path planning utilizing habit data","Complex & Intelligent Systems","","8","6","10.1007/s40747-021-00410-0","Min-Xia ZhangJia-Yu WuXue WuYu-Jun Zheng","2022","http://link.springer.com/article/10.1007/s40747-021-00410-0","Article"
"Oral Presentations","International Urogynecology Journal","","23","2","10.1007/s00192-012-1875-z","","2012","http://link.springer.com/article/10.1007/s00192-012-1875-z","Article"
"Enhancing knowledge discovery and management through intelligent computing methods: a decisive investigation","Knowledge and Information Systems","","","","10.1007/s10115-024-02099-2","Rayees AhamadKamta Nath Mishra","2024","http://link.springer.com/article/10.1007/s10115-024-02099-2","Article"
"A two-pheromone trail ant colony system—tabu search approach for the heterogeneous vehicle routing problem with time windows and multiple products","Journal of Heuristics","","19","2","10.1007/s10732-011-9184-0","Jair J. De la CruzCarlos D. Paternina-ArboledaVictor CantilloJairo R. Montoya-Torres","2013","http://link.springer.com/article/10.1007/s10732-011-9184-0","Article"
"Learning-based simulated annealing algorithm for unequal area facility layout problem","Soft Computing","","28","6","10.1007/s00500-023-09372-6","Juan LinAiling ShenLiangcheng WuYiwen Zhong","2024","http://link.springer.com/article/10.1007/s00500-023-09372-6","Article"
"An analysis of heuristic subsequences for offline hyper-heuristic learning","Journal of Heuristics","","25","3","10.1007/s10732-018-09404-7","W. B. YatesE. C. Keedwell","2019","http://link.springer.com/article/10.1007/s10732-018-09404-7","Article"
"Task Allocation Using a Team of Robots","Current Robotics Reports","","3","4","10.1007/s43154-022-00087-4","Haris AzizArindam PalAli PourmiriFahimeh RamezaniBrendan Sims","2022","http://link.springer.com/article/10.1007/s43154-022-00087-4","Article"
"Frontostriatal functional connectivity in major depressive disorder","Biology of Mood & Anxiety Disorders","","1","1","10.1186/2045-5380-1-11","Daniella J FurmanJ Paul HamiltonIan H Gotlib","2011","http://link.springer.com/article/10.1186/2045-5380-1-11","Article"
"Optimizing combined tours: The truck-and-cargo-bike case","OR Spectrum","","","","10.1007/s00291-024-00754-2","Philine SchieweMoritz Stinzendörfer","2024","http://link.springer.com/article/10.1007/s00291-024-00754-2","Article"
"Set-based discrete particle swarm optimization and its applications: a survey","Frontiers of Computer Science","","12","2","10.1007/s11704-018-7155-4","Wei-Neng ChenDa-Zhao Tan","2018","http://link.springer.com/article/10.1007/s11704-018-7155-4","Article"
"Analysis of a Rollout Approach to Sequencing Problems with Stochastic Routing Applications","Journal of Heuristics","","9","4","10.1023/A:1025605803490","Nicola Secomandi","2003","http://link.springer.com/article/10.1023/A%3A1025605803490","Article"
"38th Annual IUGA Meeting, Dublin, Ireland, 28 May – 1 June 2013: Oral Presentations","International Urogynecology Journal","","24","1","10.1007/s00192-013-2101-3","","2013","http://link.springer.com/article/10.1007/s00192-013-2101-3","Article"
"IUGA 46th Virtual Annual Meeting","International Urogynecology Journal","","33","1","10.1007/s00192-022-05079-8","","2022","http://link.springer.com/article/10.1007/s00192-022-05079-8","Article"
"Abstracts from the 7th Congress of the European Laryngological Society, 29th–31st May 2008, Barcelona, Spain","European Archives of Oto-Rhino-Laryngology","","266","4","10.1007/s00405-008-0899-y","","2009","http://link.springer.com/article/10.1007/s00405-008-0899-y","Article"
"Cerebello-basal Ganglia Networks and Cortical Network Global Efficiency","The Cerebellum","","22","4","10.1007/s12311-022-01418-z","T. Bryan JacksonJessica A. Bernard","2023","http://link.springer.com/article/10.1007/s12311-022-01418-z","Article"
"Improving ant colony optimization algorithm with epsilon greedy and Levy flight","Complex & Intelligent Systems","","7","4","10.1007/s40747-020-00138-3","Yahui LiuBuyang CaoHehua Li","2021","http://link.springer.com/article/10.1007/s40747-020-00138-3","Article"
"14th World Congress of Endoscopic Surgery and 22nd International Congress of the European Association for Endoscopic Surgery (EAES) Paris, France, 25–28 June 2014","Surgical Endoscopy","","29","1","10.1007/s00464-015-4135-8","","2015","http://link.springer.com/article/10.1007/s00464-015-4135-8","Article"
"Enhancing firefly algorithm using generalized opposition-based learning","Computing","","97","7","10.1007/s00607-015-0456-7","Shuhao YuShenglong ZhuYan MaDemei Mao","2015","http://link.springer.com/article/10.1007/s00607-015-0456-7","Article"
"Milepost GCC: Machine Learning Enabled Self-tuning Compiler","International Journal of Parallel Programming","","39","3","10.1007/s10766-010-0161-2","Grigori FursinYuriy KashnikovAbdul Wahid MemonZbigniew ChamskiOlivier TemamMircea NamolaruElad Yom-TovBilha MendelsonAyal ZaksEric CourtoisFrancois BodinPhil BarnardElton AshtonEdwin BonillaJohn ThomsonChristopher K. I. Williams","2011","http://link.springer.com/article/10.1007/s10766-010-0161-2","Article"
"A novel cross docking system for distributing the perishable products considering preemption: a machine learning approach","Journal of Combinatorial Optimization","","45","5","10.1007/s10878-023-01057-y","Mohammad Amin AmaniMohammad Mahdi Nasiri","2023","http://link.springer.com/article/10.1007/s10878-023-01057-y","Article"
"Improving inbound logistic planning for large-scale real-world routing problems: a novel ant-colony simulation-based optimization","European Transport Research Review","","12","1","10.1186/s12544-020-00409-7","Giovanni CalabròVincenza TorrisiGiuseppe InturriMatteo Ignaccolo","2020","http://link.springer.com/article/10.1186/s12544-020-00409-7","Article"
"Coordinated Route Planning of Multiple Fuel-constrained Unmanned Aerial Systems with Recharging on an Unmanned Ground Vehicle for Mission Coverage","Journal of Intelligent & Robotic Systems","","106","1","10.1007/s10846-022-01737-7","Subramanian RamasamyJean-Paul F. ReddingerJames M. DotterweichMarshal A. ChildersPranav A. Bhounsule","2022","http://link.springer.com/article/10.1007/s10846-022-01737-7","Article"
"Mean–standard-deviation-based electric vehicle routing problem with time windows using Lagrangian relaxation and extended alternating direction method of multipliers-based decomposition algorithm","Soft Computing","","","","10.1007/s00500-023-09599-3","Jieman XiaZhou HeShuolei WangSiliang LiuShuai Zhang","2024","http://link.springer.com/article/10.1007/s00500-023-09599-3","Article"
"A survey on multi-robot coverage path planning for model reconstruction and mapping","SN Applied Sciences","","1","8","10.1007/s42452-019-0872-y","Randa AlmadhounTarek TahaLakmal SeneviratneYahya Zweiri","2019","http://link.springer.com/article/10.1007/s42452-019-0872-y","Article"
"Heterogeneous graph attention networks for scalable multi-robot scheduling with temporospatial constraints","Autonomous Robots","","46","1","10.1007/s10514-021-09997-2","Zheyuan WangChen LiuMatthew Gombolay","2022","http://link.springer.com/article/10.1007/s10514-021-09997-2","Article"
"A general VNS for the multi-depot open vehicle routing problem with time windows","Optimization Letters","","17","9","10.1007/s11590-023-01990-1","Sinaide Nunes BezerraSérgio Ricardo de SouzaMarcone Jamilson Freitas Souza","2023","http://link.springer.com/article/10.1007/s11590-023-01990-1","Article"
"Distribution of waiting time for dynamic pickup and delivery problems","Annals of Operations Research","","236","2","10.1007/s10479-014-1683-6","Stefan VonolfenMichael Affenzeller","2016","http://link.springer.com/article/10.1007/s10479-014-1683-6","Article"
"Operations research at container terminals: a literature update","OR Spectrum","","30","1","10.1007/s00291-007-0100-9","Robert StahlbockStefan Voß","2008","http://link.springer.com/article/10.1007/s00291-007-0100-9","Article"
"Solving Large-Scale Routing Optimization Problems with Networks and Only Networks","Doklady Mathematics","","108","2","10.1134/S1064562423701119","A. G. SorokaA. V. Meshcheryakov","2023","http://link.springer.com/article/10.1134/S1064562423701119","Article"
"Comparing backhauling strategies in vehicle routing using Ant Colony Optimization","Central European Journal of Operations Research","","14","2","10.1007/s10100-006-0163-8","Marc ReimannHeinz Ulrich","2006","http://link.springer.com/article/10.1007/s10100-006-0163-8","Article"
"Distance discount in the green vehicle routing problem offered by external carriers","SN Applied Sciences","","2","8","10.1007/s42452-020-03245-5","Mahmood NosratiAlireza Arshadi Khamseh","2020","http://link.springer.com/article/10.1007/s42452-020-03245-5","Article"
"When and Why Metaheuristics Researchers can Ignore “No Free Lunch” Theorems","SN Computer Science","","1","1","10.1007/s42979-020-0063-3","James McDermott","2020","http://link.springer.com/article/10.1007/s42979-020-0063-3","Article"
"Smart and sustainable scheduling of charging events for electric buses","TOP","","32","1","10.1007/s11750-023-00657-5","Padraigh JarvisLaura ClimentAlejandro Arbelaez","2024","http://link.springer.com/article/10.1007/s11750-023-00657-5","Article"
"Balancing resources for dynamic vehicle routing with stochastic customer requests","OR Spectrum","","","","10.1007/s00291-024-00747-1","Ninja SoeffkerMarlin W. UlmerDirk C. Mattfeld","2024","http://link.springer.com/article/10.1007/s00291-024-00747-1","Article"
"Metaheuristics in Combinatorial Optimization","Annals of Operations Research","","140","1","10.1007/s10479-005-3971-7","Michel GendreauJean-Yves Potvin","2005","http://link.springer.com/article/10.1007/s10479-005-3971-7","Article"
"A greedy gradient-simulated annealing selection hyper-heuristic","Soft Computing","","17","12","10.1007/s00500-013-1096-5","Murat KalenderAhmed KheiriEnder ÖzcanEdmund K. Burke","2013","http://link.springer.com/article/10.1007/s00500-013-1096-5","Article"
"1994 TMS Annual Meeting Program","JOM","","45","12","10.1007/BF03222527","","1993","http://link.springer.com/article/10.1007/BF03222527","Article"
"A responsive ant colony optimization for large-scale dynamic vehicle routing problems via pheromone diversity enhancement","Complex & Intelligent Systems","","7","5","10.1007/s40747-021-00433-7","Yansen SuJia LiuXiaoshu XiangXingyi Zhang","2021","http://link.springer.com/article/10.1007/s40747-021-00433-7","Article"
"A new hyper-heuristic as a general problem solver: an implementation in HyFlex","Journal of Scheduling","","16","3","10.1007/s10951-012-0295-8","Mustafa MısırKatja VerbeeckPatrick De CausmaeckerGreet Vanden Berghe","2013","http://link.springer.com/article/10.1007/s10951-012-0295-8","Article"
"Adjustability of a discrete particle swarm optimization for the dynamic TSP","Soft Computing","","22","22","10.1007/s00500-017-2738-9","Łukasz StrąkRafał SkinderowiczUrszula Boryczka","2018","http://link.springer.com/article/10.1007/s00500-017-2738-9","Article"
"Optimizing electric vehicle routing with nonlinear charging and time windows using improved differential evolution algorithm","Cluster Computing","","","","10.1007/s10586-023-04243-z","Jiawen DengJihui ZhangShengxiang Yang","2024","http://link.springer.com/article/10.1007/s10586-023-04243-z","Article"
"Conflict history based heuristic for constraint satisfaction problem solving","Journal of Heuristics","","27","6","10.1007/s10732-021-09475-z","Djamal HabetCyril Terrioux","2021","http://link.springer.com/article/10.1007/s10732-021-09475-z","Article"
"Routing algorithms as tools for integrating social distancing with emergency evacuation","Scientific Reports","","11","1","10.1038/s41598-021-98643-z","Yi-Lin TsaiChetanya RastogiPeter K. KitanidisChristopher B. Field","2021","http://link.springer.com/article/10.1038/s41598-021-98643-z","Article"
"UAV Intelligent Coverage Navigation Based on DRL in Complex Geometrical Environments","International Journal of Computational Intelligence Systems","","14","1","10.1007/s44196-021-00031-y","Shuai LiuYuebin Bai","2021","http://link.springer.com/article/10.1007/s44196-021-00031-y","Article"
"Heuristic and metaheuristic methods for the parallel unrelated machines scheduling problem: a survey","Artificial Intelligence Review","","56","4","10.1007/s10462-022-10247-9","Marko ƉurasevićDomagoj Jakobović","2023","http://link.springer.com/article/10.1007/s10462-022-10247-9","Article"
"Asynchronous optimization of part logistics routing problem","Journal of Global Optimization","","82","4","10.1007/s10898-021-01078-z","Yaoting HuangBoyu ChenWenlian LuZhong-Xiao JinRen Zheng","2022","http://link.springer.com/article/10.1007/s10898-021-01078-z","Article"
"Compact Sine Cosine Algorithm applied in vehicle routing problem with time window","Telecommunication Systems","","78","4","10.1007/s11235-021-00833-7","Jeng-Shyang PanQing-yong YangShu-Chuan ChuKuo-Chi Chang","2021","http://link.springer.com/article/10.1007/s11235-021-00833-7","Article"
"Does the Social Robot Nao Facilitate Cooperation in High Functioning Children with ASD?","International Journal of Social Robotics","","16","2","10.1007/s12369-023-01063-4","Viviane KostrubiecChloé LajuntaPierre-Vincent PaubelJeanne Kruck","2024","http://link.springer.com/article/10.1007/s12369-023-01063-4","Article"
"Using Markov Learning Utilization Model for Resource Allocation in Cloud of Thing Network","Wireless Personal Communications","","115","1","10.1007/s11277-020-07591-w","Seyedeh Maedeh MirmohseniChunming TangAmir Javadpour","2020","http://link.springer.com/article/10.1007/s11277-020-07591-w","Article"
"Predictive modelling of surface chloride concentration in marine concrete structures: a comparative analysis of machine learning approaches","Asian Journal of Civil Engineering","","25","2","10.1007/s42107-023-00854-4","Rupesh Kumar TipuVandna BatraSumanV. R. PanchalK. S. Pandya","2024","http://link.springer.com/article/10.1007/s42107-023-00854-4","Article"
"Enhancing the Route Optimization Using Hybrid MAF Optimization Algorithm for the Internet of Vehicle","Wireless Personal Communications","","125","2","10.1007/s11277-022-09629-7","Ritesh DhanareKapil Kumar NagwanshiSunita Varma","2022","http://link.springer.com/article/10.1007/s11277-022-09629-7","Article"
"Task allocation and route planning of multiple UAVs in a marine environment based on an improved particle swarm optimization algorithm","EURASIP Journal on Advances in Signal Processing","","2021","1","10.1186/s13634-021-00804-9","Ming YanHuimin YuanJie XuYing YuLibiao Jin","2021","http://link.springer.com/article/10.1186/s13634-021-00804-9","Article"
"A hybrid heuristic algorithm for urban distribution with simultaneous pickup-delivery and time window","Journal of Heuristics","","29","2 - 3","10.1007/s10732-023-09510-1","Fagui LiuLvshengbiao WangMengke GuiYang ZhangYulin LanChengqi LaiBoyuan Zhu","2023","http://link.springer.com/article/10.1007/s10732-023-09510-1","Article"
"Transshipment service through crossdocks with both soft and hard time windows","Annals of Operations Research","","192","1","10.1007/s10479-010-0780-4","Zhaowei MiaoFeng YangKe FuDongsheng Xu","2012","http://link.springer.com/article/10.1007/s10479-010-0780-4","Article"
"Roles of the medial and lateral orbitofrontal cortex in major depression and its treatment","Molecular Psychiatry","","","","10.1038/s41380-023-02380-w","Bei ZhangEdmund T. RollsXiang WangChao XieWei ChengJianfeng Feng","2024","http://link.springer.com/article/10.1038/s41380-023-02380-w","Article"
"Recent Studies on Chicken Swarm Optimization algorithm: a review (2014–2018)","Artificial Intelligence Review","","53","3","10.1007/s10462-019-09718-3","Sanchari DebXiao-Zhi GaoKari TammiKaruna KalitaPinakeswar Mahanta","2020","http://link.springer.com/article/10.1007/s10462-019-09718-3","Article"
"A time-based pheromone approach for the ant system","Optimization Letters","","6","6","10.1007/s11590-012-0451-2","U. Mahir YildirimBülent Çatay","2012","http://link.springer.com/article/10.1007/s11590-012-0451-2","Article"
"Energy-efficient path planning for a multi-load automated guided vehicle executing multiple transport tasks in a manufacturing workshop environment","Environmental Science and Pollution Research","","","","10.1007/s11356-024-32824-x","Zhongwei ZhangLihui WuBoqiang ZhangShun JiaWeipeng LiuTao Peng","2024","http://link.springer.com/article/10.1007/s11356-024-32824-x","Article"
"Fermatean fuzzy vehicle routing problem with profit: solution algorithms, comparisons and developments","Sādhanā","","48","3","10.1007/s12046-023-02238-5","V P SinghKirti SharmaBishwajeet SinghAli EbrahimnejadDebjani Chakraborty","2023","http://link.springer.com/article/10.1007/s12046-023-02238-5","Article"
"Minimising average passenger waiting time in personal rapid transit systems","Annals of Operations Research","","236","2","10.1007/s10479-013-1492-3","John D. Lees-Miller","2016","http://link.springer.com/article/10.1007/s10479-013-1492-3","Article"
"Online Routing for Autonomous Vehicle Cruise Systems with Fuel Constraints","Journal of Intelligent & Robotic Systems","","104","4","10.1007/s10846-021-01530-y","Longjiang LiHaoyang LiangJie WangJianjun YangYonggang Li","2022","http://link.springer.com/article/10.1007/s10846-021-01530-y","Article"
"Memory-based variable neighborhood search for green vehicle routing problem with passing-by drivers: a comprehensive perspective","Complex & Intelligent Systems","","8","3","10.1007/s40747-022-00661-5","Lei CaoChun-ming YeRan ChengZhen-kun Wang","2022","http://link.springer.com/article/10.1007/s40747-022-00661-5","Article"
"Subject Index","Journal of the Operational Research Society","","63","12","10.1057/jors.2012.132","","2012","http://link.springer.com/article/10.1057/jors.2012.132","Article"
"Approximate dynamic programming in transportation and logistics: a unified framework","EURO Journal on Transportation and Logistics","","1","3","10.1007/s13676-012-0015-8","Warren B. PowellHugo P. SimaoBelgacem Bouzaiene-Ayari","2012","http://link.springer.com/article/10.1007/s13676-012-0015-8","Article"
"A comprehensive survey on symbiotic organisms search algorithms","Artificial Intelligence Review","","53","3","10.1007/s10462-019-09733-4","Farhad Soleimanian GharehchopoghHuman ShayanfarHojjat Gholizadeh","2020","http://link.springer.com/article/10.1007/s10462-019-09733-4","Article"
"Trail formation in ants. A generalized Polya urn process","Swarm Intelligence","","4","2","10.1007/s11721-010-0041-9","Sameena ShahRavi KothariJayadevaSuresh Chandra","2010","http://link.springer.com/article/10.1007/s11721-010-0041-9","Article"
"General modeling and optimization technique for real-world earth observation satellite scheduling","Frontiers of Engineering Management","","10","4","10.1007/s42524-023-0263-3","Feng YaoYonghao DuLei LiLining XingYingguo Chen","2023","http://link.springer.com/article/10.1007/s42524-023-0263-3","Article"
"Report on the 13th symposium on invertebrate neurobiology held 26–30 August 2015 at the Balaton Limnological Institute, MTA Centre for ecological research of the Hungarian Academy of Sciences, Tihany, Hungary","Invertebrate Neuroscience","","16","2","10.1007/s10158-016-0186-3","Anna CrisfordLindy Holden-DyeRobert J. Walker","2016","http://link.springer.com/article/10.1007/s10158-016-0186-3","Article"
"Immunity-based evolutionary algorithm for optimal global container repositioning in liner shipping","OR Spectrum","","32","3","10.1007/s00291-010-0208-1","Eugene Y. C. WongHenry Y. K. LauK. L. Mak","2010","http://link.springer.com/article/10.1007/s00291-010-0208-1","Article"
"A multi-objective optimization approach to package delivery by the crowd of occupied taxis","Knowledge and Information Systems","","64","10","10.1007/s10115-022-01722-4","Zhifeng ZhouRong ChenJian GaoHu Xing","2022","http://link.springer.com/article/10.1007/s10115-022-01722-4","Article"
"Models and Algorithms for Multiagent Hierarchical Routing with Time Windows","Journal of Computer and Systems Sciences International","","62","5","10.1134/S106423072305009X","M. G. KozlovaD. V. LemtyuzhnikovaV. A. Luk’yanenkoO. O. Makarov","2023","http://link.springer.com/article/10.1134/S106423072305009X","Article"
"An Agent-Based Microsimulation Model of Swiss Travel: First Results","Networks and Spatial Economics","","3","1","10.1023/A:1022096916806","Bryan RaneyNurhan CetinAndreas VöllmyMilenko VrticKay AxhausenKai Nagel","2003","http://link.springer.com/article/10.1023/A%3A1022096916806","Article"
"Improving monarch butterfly optimization through simulated annealing strategy","Journal of Ambient Intelligence and Humanized Computing","","","","10.1007/s12652-020-01702-y","Dongfang YangXitong WangXin TianYonggang Zhang","2020","http://link.springer.com/article/10.1007/s12652-020-01702-y","Article"
"An efficient harris hawk optimization algorithm for solving the travelling salesman problem","Cluster Computing","","25","3","10.1007/s10586-021-03304-5","Farhad Soleimanian GharehchopoghBenyamin Abdollahzadeh","2022","http://link.springer.com/article/10.1007/s10586-021-03304-5","Article"
"Metaheuristic search techniques for multi-objective and stochastic problems: a history of the inventions of Walter J. Gutjahr in the past 22 years","Central European Journal of Operations Research","","26","2","10.1007/s10100-018-0522-2","Karl F. DoernerVittorio Maniezzo","2018","http://link.springer.com/article/10.1007/s10100-018-0522-2","Article"
"A hybrid ant colony optimization algorithm to solve a transport problem with stochastic customer demands and electric vehicles of limited load capacity","Evolutionary Intelligence","","","","10.1007/s12065-023-00901-8","Elhassania Messaoud","2024","http://link.springer.com/article/10.1007/s12065-023-00901-8","Article"
"Enhancing television advertising: same-language subtitles can improve brand recall, verbal memory, and behavioral intent","Journal of the Academy of Marketing Science","","42","3","10.1007/s11747-013-0358-1","S. Adam BraselJames Gips","2014","http://link.springer.com/article/10.1007/s11747-013-0358-1","Article"
"Using ant colony optimization to solve hybrid flow shop scheduling problems","The International Journal of Advanced Manufacturing Technology","","35","5 - 6","10.1007/s00170-007-1048-2","Kemal AlaykýranOrhan EnginAlper Döyen","2007","http://link.springer.com/article/10.1007/s00170-007-1048-2","Article"
"Novel local restart strategies with hyper-populated ant colonies for dynamic optimization problems","Neural Computing and Applications","","31","1","10.1007/s00521-018-3638-3","Anandkumar PrakasamNickolas Savarimuthu","2019","http://link.springer.com/article/10.1007/s00521-018-3638-3","Article"
"An A2-Gurobi algorithm for route recommendation with big taxi trajectory data","Multimedia Tools and Applications","","82","30","10.1007/s11042-023-15058-w","Dawen XiaJian GengBingqi ShenDewei BaiWenyong ZhangYang HuYantao LiHuaqing Li","2023","http://link.springer.com/article/10.1007/s11042-023-15058-w","Article"
"An efficient algorithm for optimal routing applied to convoy merging manoeuvres in urban environments","Applied Intelligence","","37","2","10.1007/s10489-011-0326-8","Fernando ValdésRoberto IglesiasFelipe EspinosaMiguel A. Rodríguez","2012","http://link.springer.com/article/10.1007/s10489-011-0326-8","Article"
"Structural covariance of the neostriatum with regional gray matter volumes","Brain Structure and Function","","218","3","10.1007/s00429-012-0422-5","C. Soriano-MasB. J. HarrisonJ. PujolM. López-SolàR. Hernández-RibasP. AlonsoO. Contreras-RodríguezM. GiménezL. Blanco-HinojoH. OrtizJ. DeusJ. M. MenchónN. Cardoner","2013","http://link.springer.com/article/10.1007/s00429-012-0422-5","Article"
"Rolling Horizon Path Planning of an Autonomous System of UAVs for Persistent Cooperative Service: MILP Formulation and Efficient Heuristics","Journal of Intelligent & Robotic Systems","","84","1 - 4","10.1007/s10846-015-0280-5","Byung Duk SongJonghoe KimJames R. Morrison","2016","http://link.springer.com/article/10.1007/s10846-015-0280-5","Article"
"Constant-Factor Approximation Algorithms for a Series of Combinatorial Routing Problems Based on the Reduction to the Asymmetric Traveling Salesman Problem","Proceedings of the Steklov Institute of Mathematics","","319","1","10.1134/S0081543822060128","M. Yu. KhachayE. D. NeznakhinaK. V. Ryzhenko","2022","http://link.springer.com/article/10.1134/S0081543822060128","Article"
"Heuristic algorithms for the single allocation p-hub center problem with routing considerations","OR Spectrum","","41","1","10.1007/s00291-018-0526-2","Zühal KartalMohan KrishnamoorthyAndreas T. Ernst","2019","http://link.springer.com/article/10.1007/s00291-018-0526-2","Article"
"A Simulation Sandbox to Compare Fixed-Route, Semi-flexible Transit, and On-demand Microtransit System Designs","KSCE Journal of Civil Engineering","","26","7","10.1007/s12205-022-0995-3","Gyugeun YoonJoseph Y. J. ChowSrushti Rath","2022","http://link.springer.com/article/10.1007/s12205-022-0995-3","Article"
"A bio-inspired hierarchical clustering algorithm with backtracking strategy","Applied Intelligence","","42","2","10.1007/s10489-014-0573-6","Akil ElkamelMariem GzaraHanêne Ben-Abdallah","2015","http://link.springer.com/article/10.1007/s10489-014-0573-6","Article"
"Ripple spreading algorithm: a new method for solving multi-objective shortest path problems with mixed time windows","Complex & Intelligent Systems","","10","2","10.1007/s40747-023-01260-8","Shilin YuYuantao Song","2024","http://link.springer.com/article/10.1007/s40747-023-01260-8","Article"
"Fuzzy logic applied to mutation size in evolutionary strategies","Evolutionary Intelligence","","","","10.1007/s12065-023-00894-4","Pytel Krzysztof","2023","http://link.springer.com/article/10.1007/s12065-023-00894-4","Article"
"Modelling the landscape of palliative care for people with dementia: a European mixed methods study","BMC Palliative Care","","12","1","10.1186/1472-684X-12-30","Steve IliffeNathan DaviesMyrra Vernooij-DassenJasper van Riet PaapRagni SommerbakkElena MarianiBirgit JaspersLukas RadbruchJill ManthorpeLaura MaioDagny HaugenYvonne Engels","2013","http://link.springer.com/article/10.1186/1472-684X-12-30","Article"