Item Title,Publication Title,Book Series Title,Journal Volume,Journal Issue,Item DOI,Authors,Publication Year,URL,Content Type
"Coalition-based metaheuristic: a self-adaptive metaheuristic using reinforcement learning and mimetism","Journal of Heuristics","","16","6","10.1007/s10732-009-9121-7","David MeignanAbderrafiaa KoukamJean-Charles Créput","2010","http://link.springer.com/article/10.1007/s10732-009-9121-7","Article"
"Deep Reinforcement Learning for the Capacitated Pickup and Delivery Problem with Time Windows","Pattern Recognition and Image Analysis","","33","2","10.1134/S1054661823020165","A. G. SorokaA. V. MeshcheryakovS. V. Gerasimov","2023","http://link.springer.com/article/10.1134/S1054661823020165","Article"
"The third party logistics provider freight management problem: a framework and deep reinforcement learning approach","Annals of Operations Research","","","","10.1007/s10479-024-05876-y","Amin Abbasi-PooyaMichael T. Lash","2024","http://link.springer.com/article/10.1007/s10479-024-05876-y","Article"
"Metaheuristic link prediction (MLP) using AI based ACO-GA optimization model for solving vehicle routing problem","International Journal of Information Technology","","15","7","10.1007/s41870-023-01378-5","Jai Keerthy Chowlur RevannaNushwan Yousif B. Al-Nakash","2023","http://link.springer.com/article/10.1007/s41870-023-01378-5","Article"
"Learning 2-Opt Heuristics for Routing Problems via Deep Reinforcement Learning","SN Computer Science","","2","5","10.1007/s42979-021-00779-2","Paulo da CostaJason RhuggenaathYingqian ZhangAlp AkcayUzay Kaymak","2021","http://link.springer.com/article/10.1007/s42979-021-00779-2","Article"
"Heuristic and metaheuristic methods for the parallel unrelated machines scheduling problem: a survey","Artificial Intelligence Review","","56","4","10.1007/s10462-022-10247-9","Marko ƉurasevićDomagoj Jakobović","2023","http://link.springer.com/article/10.1007/s10462-022-10247-9","Article"
"A review of the role of heuristics in stochastic optimisation: from metaheuristics to learnheuristics","Annals of Operations Research","","320","2","10.1007/s10479-021-04142-9","Angel A. JuanPeter KeenanRafael MartíSeán McGarraghyJavier PanaderoPaula CarrollDiego Oliva","2023","http://link.springer.com/article/10.1007/s10479-021-04142-9","Article"
"Deep representation learning and reinforcement learning for workpiece setup optimization in CNC milling","Production Engineering","","17","6","10.1007/s11740-023-01209-3","Vladimir SamsonovEnslin ChrismarieHans-Georg KöpkenSchirin BärDaniel LüttickeTobias Meisen","2023","http://link.springer.com/article/10.1007/s11740-023-01209-3","Article"
"Distance approximation to support customer selection in vehicle routing problems","Annals of Operations Research","","","","10.1007/s10479-022-04674-8","Fabian AkkermanMartijn Mes","2022","http://link.springer.com/article/10.1007/s10479-022-04674-8","Article"
"Combining variable neighborhood search and machine learning to solve the vehicle routing problem with crowd-shipping","Optimization Letters","","17","9","10.1007/s11590-021-01833-x","Luigi Di Puglia PuglieseDaniele FeronePaola FestaFrancesca GuerrieroGiusy Macrina","2023","http://link.springer.com/article/10.1007/s11590-021-01833-x","Article"
"Metaheuristic search techniques for multi-objective and stochastic problems: a history of the inventions of Walter J. Gutjahr in the past 22 years","Central European Journal of Operations Research","","26","2","10.1007/s10100-018-0522-2","Karl F. DoernerVittorio Maniezzo","2018","http://link.springer.com/article/10.1007/s10100-018-0522-2","Article"
"DVRP: a hard dynamic combinatorial optimisation problem tackled by an evolutionary hyper-heuristic","Journal of Heuristics","","16","6","10.1007/s10732-010-9126-2","Pablo GarridoMaría Cristina Riff","2010","http://link.springer.com/article/10.1007/s10732-010-9126-2","Article"
"Frontiers and trends of supply chain optimization in the age of industry 4.0: an operations research perspective","Annals of Operations Research","","","","10.1007/s10479-024-05879-9","Zhitao XuAdel ElomriRoberto BaldacciLaoucine KerbacheZhenyong Wu","2024","http://link.springer.com/article/10.1007/s10479-024-05879-9","Article"
"Survey of charging management and infrastructure planning for electrified demand-responsive transport systems: Methodologies and recent developments","European Transport Research Review","","14","1","10.1186/s12544-022-00560-3","Tai-Yu MaYumeng Fang","2022","http://link.springer.com/article/10.1186/s12544-022-00560-3","Article"
"A review on the electric vehicle routing problems: Variants and algorithms","Frontiers of Engineering Management","","8","3","10.1007/s42524-021-0157-1","Hu QinXinxin SuTeng RenZhixing Luo","2021","http://link.springer.com/article/10.1007/s42524-021-0157-1","Article"
"Hybrid evolutionary optimization for takeaway order selection and delivery path planning utilizing habit data","Complex & Intelligent Systems","","8","6","10.1007/s40747-021-00410-0","Min-Xia ZhangJia-Yu WuXue WuYu-Jun Zheng","2022","http://link.springer.com/article/10.1007/s40747-021-00410-0","Article"
"Metaheuristics in Combinatorial Optimization","Annals of Operations Research","","140","1","10.1007/s10479-005-3971-7","Michel GendreauJean-Yves Potvin","2005","http://link.springer.com/article/10.1007/s10479-005-3971-7","Article"
"Task Allocation Using a Team of Robots","Current Robotics Reports","","3","4","10.1007/s43154-022-00087-4","Haris AzizArindam PalAli PourmiriFahimeh RamezaniBrendan Sims","2022","http://link.springer.com/article/10.1007/s43154-022-00087-4","Article"
"Multiobjective problem modeling of the capacitated vehicle routing problem with urgency in a pandemic period","Neural Computing and Applications","","35","5","10.1007/s00521-022-07921-y","Mehmet AltinozO. Tolga Altinoz","2023","http://link.springer.com/article/10.1007/s00521-022-07921-y","Article"
"Explanation-based large neighborhood search","Constraints","","19","4","10.1007/s10601-014-9166-6","Charles Prud’hommeXavier LorcaNarendra Jussien","2014","http://link.springer.com/article/10.1007/s10601-014-9166-6","Article"
"II-Learn—A Novel Metric for Measuring the Intelligence Increase and Evolution of Artificial Learning Systems","International Journal of Computational Intelligence Systems","","12","2","10.2991/ijcis.d.191101.001","László Barna IantovicsDimitris K. IakovidisElena Nechita","2019","http://link.springer.com/article/10.2991/ijcis.d.191101.001","Article"
"Three multi-start data-driven evolutionary heuristics for the vehicle routing problem with multiple time windows","Journal of Heuristics","","25","3","10.1007/s10732-019-09412-1","Slim BelhaizaRym M’HallahGhassen Ben BrahimGilbert Laporte","2019","http://link.springer.com/article/10.1007/s10732-019-09412-1","Article"
"A theoretical and computational study of green vehicle routing problems","Journal of Combinatorial Optimization","","45","5","10.1007/s10878-023-01043-4","Matheus Diógenes AndradeFábio Luiz Usberti","2023","http://link.springer.com/article/10.1007/s10878-023-01043-4","Article"
"A novel cross docking system for distributing the perishable products considering preemption: a machine learning approach","Journal of Combinatorial Optimization","","45","5","10.1007/s10878-023-01057-y","Mohammad Amin AmaniMohammad Mahdi Nasiri","2023","http://link.springer.com/article/10.1007/s10878-023-01057-y","Article"
"Mean–standard-deviation-based electric vehicle routing problem with time windows using Lagrangian relaxation and extended alternating direction method of multipliers-based decomposition algorithm","Soft Computing","","","","10.1007/s00500-023-09599-3","Jieman XiaZhou HeShuolei WangSiliang LiuShuai Zhang","2024","http://link.springer.com/article/10.1007/s00500-023-09599-3","Article"
"The stochastic vehicle routing problem, a literature review, Part II: solution methods","EURO Journal on Transportation and Logistics","","6","4","10.1007/s13676-016-0099-7","Jorge OyolaHalvard ArntzenDavid L. Woodruff","2017","http://link.springer.com/article/10.1007/s13676-016-0099-7","Article"
"Solving Large-Scale Routing Optimization Problems with Networks and Only Networks","Doklady Mathematics","","108","2","10.1134/S1064562423701119","A. G. SorokaA. V. Meshcheryakov","2023","http://link.springer.com/article/10.1134/S1064562423701119","Article"
"Distance discount in the green vehicle routing problem offered by external carriers","SN Applied Sciences","","2","8","10.1007/s42452-020-03245-5","Mahmood NosratiAlireza Arshadi Khamseh","2020","http://link.springer.com/article/10.1007/s42452-020-03245-5","Article"
"A Study on Various Technologies to Solve the Routing Problem in Internet of Vehicles (IoV)","Wireless Personal Communications","","119","1","10.1007/s11277-021-08220-w","Tanuja KayargaS. Ananda Kumar","2021","http://link.springer.com/article/10.1007/s11277-021-08220-w","Article"
"Enhancing knowledge discovery and management through intelligent computing methods: a decisive investigation","Knowledge and Information Systems","","","","10.1007/s10115-024-02099-2","Rayees AhamadKamta Nath Mishra","2024","http://link.springer.com/article/10.1007/s10115-024-02099-2","Article"
"RETRACTED ARTICLE: A Multi-agent Based Self-adaptive Genetic Algorithm for the Long-term Car Pooling Problem","Journal of Mathematical Modelling and Algorithms in Operations Research","","12","1","10.1007/s10852-012-9175-7","Yuhan GuoGilles GoncalvesTienté Hsu","2013","http://link.springer.com/article/10.1007/s10852-012-9175-7","Article"
"When and Why Metaheuristics Researchers can Ignore “No Free Lunch” Theorems","SN Computer Science","","1","1","10.1007/s42979-020-0063-3","James McDermott","2020","http://link.springer.com/article/10.1007/s42979-020-0063-3","Article"
"An analysis of heuristic subsequences for offline hyper-heuristic learning","Journal of Heuristics","","25","3","10.1007/s10732-018-09404-7","W. B. YatesE. C. Keedwell","2019","http://link.springer.com/article/10.1007/s10732-018-09404-7","Article"
"A general VNS for the multi-depot open vehicle routing problem with time windows","Optimization Letters","","17","9","10.1007/s11590-023-01990-1","Sinaide Nunes BezerraSérgio Ricardo de SouzaMarcone Jamilson Freitas Souza","2023","http://link.springer.com/article/10.1007/s11590-023-01990-1","Article"
"Improving inbound logistic planning for large-scale real-world routing problems: a novel ant-colony simulation-based optimization","European Transport Research Review","","12","1","10.1186/s12544-020-00409-7","Giovanni CalabròVincenza TorrisiGiuseppe InturriMatteo Ignaccolo","2020","http://link.springer.com/article/10.1186/s12544-020-00409-7","Article"
"A time-based pheromone approach for the ant system","Optimization Letters","","6","6","10.1007/s11590-012-0451-2","U. Mahir YildirimBülent Çatay","2012","http://link.springer.com/article/10.1007/s11590-012-0451-2","Article"
"Novel local restart strategies with hyper-populated ant colonies for dynamic optimization problems","Neural Computing and Applications","","31","1","10.1007/s00521-018-3638-3","Anandkumar PrakasamNickolas Savarimuthu","2019","http://link.springer.com/article/10.1007/s00521-018-3638-3","Article"
"An efficient harris hawk optimization algorithm for solving the travelling salesman problem","Cluster Computing","","25","3","10.1007/s10586-021-03304-5","Farhad Soleimanian GharehchopoghBenyamin Abdollahzadeh","2022","http://link.springer.com/article/10.1007/s10586-021-03304-5","Article"
"Improving ant colony optimization algorithm with epsilon greedy and Levy flight","Complex & Intelligent Systems","","7","4","10.1007/s40747-020-00138-3","Yahui LiuBuyang CaoHehua Li","2021","http://link.springer.com/article/10.1007/s40747-020-00138-3","Article"
"Comparing backhauling strategies in vehicle routing using Ant Colony Optimization","Central European Journal of Operations Research","","14","2","10.1007/s10100-006-0163-8","Marc ReimannHeinz Ulrich","2006","http://link.springer.com/article/10.1007/s10100-006-0163-8","Article"
"Heuristic algorithms for the single allocation p-hub center problem with routing considerations","OR Spectrum","","41","1","10.1007/s00291-018-0526-2","Zühal KartalMohan KrishnamoorthyAndreas T. Ernst","2019","http://link.springer.com/article/10.1007/s00291-018-0526-2","Article"
"A responsive ant colony optimization for large-scale dynamic vehicle routing problems via pheromone diversity enhancement","Complex & Intelligent Systems","","7","5","10.1007/s40747-021-00433-7","Yansen SuJia LiuXiaoshu XiangXingyi Zhang","2021","http://link.springer.com/article/10.1007/s40747-021-00433-7","Article"
"Transshipment service through crossdocks with both soft and hard time windows","Annals of Operations Research","","192","1","10.1007/s10479-010-0780-4","Zhaowei MiaoFeng YangKe FuDongsheng Xu","2012","http://link.springer.com/article/10.1007/s10479-010-0780-4","Article"
"Models and Algorithms for Multiagent Hierarchical Routing with Time Windows","Journal of Computer and Systems Sciences International","","62","5","10.1134/S106423072305009X","M. G. KozlovaD. V. LemtyuzhnikovaV. A. Luk’yanenkoO. O. Makarov","2023","http://link.springer.com/article/10.1134/S106423072305009X","Article"
"General modeling and optimization technique for real-world earth observation satellite scheduling","Frontiers of Engineering Management","","10","4","10.1007/s42524-023-0263-3","Feng YaoYonghao DuLei LiLining XingYingguo Chen","2023","http://link.springer.com/article/10.1007/s42524-023-0263-3","Article"
"Fermatean fuzzy vehicle routing problem with profit: solution algorithms, comparisons and developments","Sādhanā","","48","3","10.1007/s12046-023-02238-5","V P SinghKirti SharmaBishwajeet SinghAli EbrahimnejadDebjani Chakraborty","2023","http://link.springer.com/article/10.1007/s12046-023-02238-5","Article"
"A hybrid ant colony optimization algorithm to solve a transport problem with stochastic customer demands and electric vehicles of limited load capacity","Evolutionary Intelligence","","","","10.1007/s12065-023-00901-8","Elhassania Messaoud","2024","http://link.springer.com/article/10.1007/s12065-023-00901-8","Article"
"Immunity-based evolutionary algorithm for optimal global container repositioning in liner shipping","OR Spectrum","","32","3","10.1007/s00291-010-0208-1","Eugene Y. C. WongHenry Y. K. LauK. L. Mak","2010","http://link.springer.com/article/10.1007/s00291-010-0208-1","Article"
"Improving monarch butterfly optimization through simulated annealing strategy","Journal of Ambient Intelligence and Humanized Computing","","","","10.1007/s12652-020-01702-y","Dongfang YangXitong WangXin TianYonggang Zhang","2020","http://link.springer.com/article/10.1007/s12652-020-01702-y","Article"
"A bio-inspired hierarchical clustering algorithm with backtracking strategy","Applied Intelligence","","42","2","10.1007/s10489-014-0573-6","Akil ElkamelMariem GzaraHanêne Ben-Abdallah","2015","http://link.springer.com/article/10.1007/s10489-014-0573-6","Article"
"Using ant colony optimization to solve hybrid flow shop scheduling problems","The International Journal of Advanced Manufacturing Technology","","35","5 - 6","10.1007/s00170-007-1048-2","Kemal AlaykýranOrhan EnginAlper Döyen","2007","http://link.springer.com/article/10.1007/s00170-007-1048-2","Article"
"Fuzzy logic applied to mutation size in evolutionary strategies","Evolutionary Intelligence","","","","10.1007/s12065-023-00894-4","Pytel Krzysztof","2023","http://link.springer.com/article/10.1007/s12065-023-00894-4","Article"